datetime,tempmax,tempmin,temp,feelslikemax,feelslikemin,feelslike,dew,humidity,precip,precipprob,precipcover,preciptype,snow,snowdepth,windgust,windspeed,winddir,pressure,cloudcover,visibility,solarradiation,solarenergy,uvindex,severerisk,sunrise,sunset,moonphase,conditions,description,icon,stations,source,name
2015-04-06,57.9,46.5,51.1,57.9,42.8,49.5,36.9,59.8,0.006,100,8.33,['rain'],0,0,,9.6,146.1,1009.3,66.7,9.9,216.2,18.6,7,6:38:11,19:46:10,0.58,"Rain, Partially cloudy",Partly cloudy throughout the day with morning rain.,rain,"['72793024233', 'KSEA', 'KBFI', '72793524234', '72793494248', 'KRNT']",obs,,
2015-04-07,57.9,46.7,51.5,57.9,43.2,50.2,39.6,64.3,0.013,100,8.33,['rain'],0,0,,12.3,334.1,1011,77.5,9.9,126.5,11.1,5,6:36:12,19:47:35,0.62,"Rain, Partially cloudy",Partly cloudy throughout the day with afternoon rain.,rain,"['72793024233', 'KSEA', 'KBFI', '72793524234', '72793494248', 'KRNT']",obs,,
2015-04-08,61.9,45.5,53.1,61.9,45.4,52.8,40.3,63.3,0,0,0,,0,0,,9.6,170.1,1018,56.3,9.9,202.3,17.4,6,6:34:14,19:49:00,0.65,Partially cloudy,Partly cloudy throughout the day.,partly-cloudy-day,"['72793024233', 'KSEA', 'KBFI', '72793524234', '72793494248', 'KRNT']",obs,,
2015-04-09,64.1,44.3,53.7,64.1,41.4,53,40.4,62.9,0,0,0,,0,0,19,13.4,121.7,1019,34.5,9.9,240.6,20.8,8,6:32:17,19:50:24,0.69,Partially cloudy,Clearing in the afternoon.,partly-cloudy-day,"['72793024233', 'KSEA', 'KBFI', '72793524234', '72793494248', 'KRNT']",obs,,
2015-04-10,58.4,47.8,52.2,58.4,44.6,51.6,41.7,68.2,0.389,100,29.17,['rain'],0,0,26.3,12.6,174.1,1012.1,82.2,9.1,110.6,9.4,3,6:30:20,19:51:49,0.72,"Rain, Partially cloudy",Partly cloudy throughout the day with rain.,rain,"['72793024233', 'KSEA', 'KBFI', '72793524234', '72793494248', 'KRNT']",obs,,
2015-04-11,54.3,44.1,49,54.3,40,46.8,37.8,65.7,0.082,100,16.67,['rain'],0,0,31.1,15.7,197.3,1014.1,68.3,9.7,142.8,12.3,4,6:28:23,19:53:14,0.75,"Rain, Partially cloudy",Partly cloudy throughout the day with rain.,rain,"['72793024233', 'KSEA', 'KBFI', '72793524234', '72793494248', 'KRNT']",obs,,
2015-04-12,56.5,45.3,50.5,56.5,41.6,49.1,35.9,58.2,0,0,0,,0,0,20.8,10.2,191,1021.9,72.6,9.9,185,16.2,6,6:26:27,19:54:39,0.79,Partially cloudy,Partly cloudy throughout the day.,partly-cloudy-day,"['72793024233', 'KSEA', 'KBFI', '72793524234', '72793494248', 'KRNT']",obs,,
2015-04-13,53.4,42,47.4,53.4,38,45.7,40.1,76.5,0.476,100,41.67,['rain'],0,0,24.2,10.7,153.1,1014.1,75.8,8.6,82.3,7,3,6:24:32,19:56:04,0.83,"Rain, Partially cloudy",Partly cloudy throughout the day with rain.,rain,"['72793024233', 'KSEA', 'KBFI', '72793524234', '72793494248', 'KRNT']",obs,,
2015-04-14,55.1,39.2,45.5,55.1,34.1,42.8,37.8,76,0.108,100,33.33,['rain'],0,0,18.3,10.7,143.1,1024.7,81.1,9.7,168.2,14.6,6,6:22:37,19:57:29,0.86,"Rain, Partially cloudy",Partly cloudy throughout the day with rain.,rain,"['72793024233', 'KSEA', 'KBFI', '72793524234', '72793494248', 'KRNT']",obs,,
2015-04-15,58.2,38.6,48.9,58.2,35.1,47.8,34.3,60.5,0,0,0,,0,0,,6.5,171.2,1033.2,30.4,9.9,277.3,23.8,8,6:20:44,19:58:53,0.9,Partially cloudy,Partly cloudy throughout the day.,partly-cloudy-day,"['72793024233', 'KSEA', 'KBFI', '72793524234', '72793494248', 'KRNT']",obs,,
2015-04-16,63.9,40,53,63.9,37.8,52.9,37.1,56.7,0,0,0,,0,0,18.3,10.8,319.6,1027.9,6.9,9.9,285.1,24.7,8,6:18:50,20:00:18,0.93,Clear,Clear conditions throughout the day.,clear-day,"['72793024233', 'KSEA', 'KBFI', '72793524234', '72793494248', 'KRNT']",obs,,
2015-04-17,66.5,45.5,56.6,66.5,45.5,56.6,41.6,59.4,0,0,0,,0,0,20.8,12.1,335.8,1024.4,26.6,9.9,275.3,23.7,8,6:16:58,20:01:43,0.97,Partially cloudy,Partly cloudy throughout the day.,partly-cloudy-day,"['72793024233', 'KSEA', 'KBFI', '72793524234', '72793494248', 'KRNT']",obs,,
2015-04-18,65.6,48.1,57.2,65.6,48.1,57.1,41.1,56.8,0,0,0,,0,0,19.7,9.8,335.8,1026.7,6.2,9.9,283.6,24.5,9,6:15:06,20:03:08,0,Clear,Clear conditions throughout the day.,clear-day,"['72793024233', 'KSEA', 'KBFI', '72793524234', '72793494248', 'KRNT']",obs,,
2015-04-19,69.2,46.2,58.3,69.2,46.2,58.3,42.6,57.7,0,0,0,,0,0,17.2,10.5,328.2,1020.6,11.6,9.9,282.3,24.4,9,6:13:16,20:04:32,0.03,Clear,Clear conditions throughout the day.,clear-day,"['72793024233', 'KSEA', 'KBFI', '72793524234', '72793494248', 'KRNT']",obs,,
2015-04-20,73.5,48.1,61.1,73.5,48.1,61.1,42.2,53.2,0,0,0,,0,0,,9.4,326.8,1013.2,4.4,9.9,289.4,25.2,9,6:11:26,20:05:57,0.07,Clear,Clear conditions throughout the day.,clear-day,"['72793024233', 'KSEA', 'KBFI', '72793524234', '72793494248', 'KRNT']",obs,,
2015-04-21,63.4,47.1,55.6,63.4,42.6,55.1,44.5,66.8,0.131,100,16.67,['rain'],0,0,25.3,11,44.7,1014.6,57.5,9.4,131.9,11.5,5,6:09:37,20:07:21,0.1,"Rain, Partially cloudy",Partly cloudy throughout the day with late afternoon rain.,rain,"['72793024233', 'KSEA', 'KBFI', '72793524234', '72793494248', 'KRNT']",obs,,
2015-04-22,60.5,42.9,51,60.5,39.3,49.8,36.4,61,0.016,100,12.5,['rain'],0,0,17.2,7.9,133.5,1020.7,60,9.9,270.6,23.4,9,6:07:49,20:08:46,0.13,"Rain, Partially cloudy",Partly cloudy throughout the day with early morning rain.,rain,"['72793024233', 'KSEA', 'KBFI', '72793524234', '72793494248', 'KRNT']",obs,,
2015-04-23,53.8,46.7,49.5,53.8,42.7,47.3,37.9,64.7,0.085,100,29.17,['rain'],0,0,20.8,12.6,179.1,1012.6,86.7,9.4,130.7,11.1,5,6:06:02,20:10:10,0.16,"Rain, Partially cloudy",Partly cloudy throughout the day with rain.,rain,"['72793024233', 'KSEA', 'KBFI', '72793524234', '72793494248', 'KRNT']",obs,,
2015-04-24,55.9,45.4,49.5,55.9,40.2,47,40,70.2,0.128,100,33.33,['rain'],0,0,24.2,15.2,162.6,1009.9,83.5,9.6,188.9,16.2,6,6:04:15,20:11:35,0.2,"Rain, Partially cloudy",Partly cloudy throughout the day with a chance of rain throughout the day.,rain,"['72793024233', 'KSEA', 'KBFI', '72793524234', '72793494248', 'KRNT']",obs,,
2015-04-25,56,45,50.4,56,41.5,49.7,38,63.5,0.015,100,12.5,['rain'],0,0,,8.7,205.5,1015.4,77.3,9.9,249.4,21.6,8,6:02:30,20:12:59,0.25,"Rain, Partially cloudy",Partly cloudy throughout the day with rain clearing later.,rain,"['72793024233', 'KSEA', 'KBFI', '72793524234', '72793494248', 'KRNT']",obs,,
2015-04-26,60.6,41.1,51.6,60.6,39,50.7,38.7,62.8,0,0,0,,0,0,,8,169.8,1022.6,64.2,9.9,144.1,12.3,5,6:00:46,20:14:23,0.26,Partially cloudy,Partly cloudy throughout the day.,partly-cloudy-day,"['72793024233', 'KSEA', 'KBFI', '72793524234', '72793494248', 'KRNT']",obs,,
2015-04-27,77.5,53.3,63.5,77.5,53.3,63.5,50.6,65.3,0.002,100,4.17,['rain'],0,0,17.2,9.7,212.2,1020.7,62,9.5,254.7,21.9,9,5:59:04,20:15:47,0.29,"Rain, Partially cloudy",Partly cloudy throughout the day with early morning rain.,rain,"['72793024233', 'KSEA', 'KBFI', '72793524234', '72793494248', 'KRNT']",obs,,
2015-04-28,61.4,51.1,56.5,61.4,51.1,56.5,48.1,73.6,0.071,100,25,['rain'],0,0,20.8,12.1,151,1018.7,85.8,9.2,122.5,10.6,4,5:57:22,20:17:10,0.33,"Rain, Partially cloudy",Partly cloudy throughout the day with rain.,rain,"['72793024233', 'KSEA', 'KBFI', '72793524234', '72793494248', 'KRNT']",obs,,
2015-04-29,62.7,47.7,55.2,62.7,44.1,54.5,42,63,0.023,100,8.33,['rain'],0,0,27.7,11.9,188.7,1024,73.1,9.8,266.8,23,8,5:55:41,20:18:34,0.36,"Rain, Partially cloudy",Partly cloudy throughout the day with early morning rain.,rain,"['72793024233', 'KSEA', 'KBFI', '72793524234', '72793494248', 'KRNT']",obs,,
2015-04-30,63.4,49.1,55.8,63.4,46.8,55.3,40.8,58.9,0,0,0,,0,0,,8.2,149.3,1024.8,57.8,9.9,291,25,9,5:54:02,20:19:57,0.39,Partially cloudy,Clearing in the afternoon.,partly-cloudy-day,"['72793024233', 'KSEA', 'KBFI', '72793524234', '72793494248', 'KRNT']",obs,,
2015-05-01,64.5,52.7,58,64.5,52.7,58,43.8,59.7,0,0,0,,0,0,,9.4,340.2,1018,57.4,9.9,277.9,23.9,9,5:52:24,20:21:20,0.42,Partially cloudy,Partly cloudy throughout the day.,partly-cloudy-day,"['72793024233', 'KSEA', 'KBFI', '72793524234', '72793494248', 'KRNT']",obs,,
2015-05-02,65,50.1,56.9,65,50.1,56.9,39,53.1,0,0,0,,0,0,18.3,10.7,340.5,1017.7,29.5,9.8,315.9,27.3,9,5:50:47,20:22:43,0.46,Partially cloudy,Clearing in the afternoon.,partly-cloudy-day,"['72793024233', 'KSEA', 'KBFI', '72793524234', '72793494248', 'KRNT']",obs,,
2015-05-03,68.9,44.4,57.6,68.9,42.2,57.5,37.7,50.6,0,0,0,,0,0,,9.7,312.4,1014.9,0.3,9.9,317.8,27.4,9,5:49:12,20:24:05,0.5,Clear,Clear conditions throughout the day.,clear-day,"['72793024233', 'KSEA', 'KBFI', '72793524234', '72793494248', 'KRNT']",obs,,
2015-05-04,63.7,46.3,55.3,63.7,42.1,54.9,41.3,60.2,0,0,0,,0,0,25.7,14,190.2,1013.6,24.1,9.9,266.9,23.1,9,5:47:38,20:25:28,0.52,Partially cloudy,Partly cloudy throughout the day.,partly-cloudy-day,"['72793024233', 'KSEA', 'KBFI', '72793524234', '72793494248', 'KRNT']",obs,,
2015-05-05,59.4,47.8,52.5,59.4,45.2,51.4,42.2,68.9,0.228,100,41.67,['rain'],0,0,29.8,14.4,179.2,1017.5,78.9,9.4,151.1,13.2,4,5:46:05,20:26:50,0.56,"Rain, Partially cloudy",Partly cloudy throughout the day with rain.,rain,"['72793024233', 'KSEA', 'KBFI', '72793524234', '72793494248', 'KRNT']",obs,,
2015-05-06,62.8,46.6,53.6,62.8,46.6,53.5,40.5,64,0,0,0,,0,0,19.7,10.5,335.7,1020.1,67.6,9.9,274.1,23.5,8,5:44:34,20:28:11,0.59,Partially cloudy,Partly cloudy throughout the day.,partly-cloudy-day,"['72793024233', 'KSEA', 'KBFI', '72793524234', '72793494248', 'KRNT']",obs,,
2015-05-07,69.1,45.2,57.6,69.1,43.2,57.3,39.8,54.9,0,0,0,,0,0,21.9,10.5,329.1,1019.7,12.7,9.9,325,28.1,9,5:43:05,20:29:32,0.63,Clear,Clear conditions throughout the day.,clear-day,"['72793024233', 'KSEA', 'KBFI', '72793524234', '72793494248', 'KRNT']",obs,,
2015-05-08,74.2,47.7,61.9,74.2,47.7,61.9,40.9,49.7,0,0,0,,0,0,16.1,10.7,324.2,1016.9,0.5,9.9,328.6,28.2,9,5:41:37,20:30:53,0.67,Clear,Clear conditions throughout the day.,clear-day,"['72793024233', 'KSEA', 'KBFI', '72793524234', '72793494248', 'KRNT']",obs,,
2015-05-09,79.3,50.9,65,79.3,50.9,65,40.4,44.6,0,0,0,,0,0,,6.5,319.5,1018,25.5,9.9,255.3,21.9,7,5:40:10,20:32:13,0.7,Partially cloudy,Partly cloudy throughout the day.,partly-cloudy-day,"['72793024233', 'KSEA', 'KBFI', '72793524234', '72793494248', 'KRNT']",obs,,
2015-05-10,68.3,54.6,61.6,68.3,54.6,61.6,46.4,58.3,0,0,0,,0,0,,7.7,182.9,1017.5,49,9.9,170.3,14.8,5,5:38:45,20:33:32,0.74,Partially cloudy,Partly cloudy throughout the day.,partly-cloudy-day,"['72793024233', 'KSEA', 'KBFI', '72793524234', '72793494248', 'KRNT']",obs,,
2015-05-11,58.1,53.1,55.7,58.1,53.1,55.7,46.9,72.4,0.001,100,4.17,['rain'],0,0,,8,177.3,1015.9,97.8,9.6,88.6,7.7,3,5:37:22,20:34:51,0.75,"Rain, Overcast",Cloudy skies throughout the day with late afternoon rain.,rain,"['72793024233', 'KSEA', 'KBFI', '72793524234', '72793494248', 'KRNT']",obs,,
2015-05-12,60.3,54.1,56,60.3,54.1,56,48.8,77,0.088,100,29.17,['rain'],0,0,17.2,9.4,175.2,1010.9,99.6,9.7,99.2,8.3,3,5:36:01,20:36:10,0.81,"Rain, Overcast",Cloudy skies throughout the day with rain.,rain,"['72793024233', 'KSEA', 'KBFI', '72793524234', '72793494248', 'KRNT']",obs,,
2015-05-13,55.5,52.2,54.1,55.5,52.2,54.1,48.4,80.9,0.235,100,50,['rain'],0,0,,9.6,162.6,1012.3,99.9,9,91.6,7.8,3,5:34:41,20:37:28,0.84,"Rain, Overcast",Cloudy skies throughout the day with rain.,rain,"['72793024233', 'KSEA', 'KBFI', '72793524234', '72793494248', 'KRNT']",obs,,
2015-05-14,65,51.9,57,65,51.9,57,48.1,73.5,0.01,100,8.33,['rain'],0,0,,7.8,317,1012.4,67.9,9.2,243.5,21,8,5:33:23,20:38:45,0.88,"Rain, Partially cloudy",Partly cloudy throughout the day with rain clearing later.,rain,"['72793024233', 'KSEA', 'KBFI', '72793524234', '72793494248', 'KRNT']",obs,,
2015-05-15,67.4,51.9,58.3,67.4,51.9,58.3,48.4,70.7,0.008,100,4.17,['rain'],0,0,,8.1,218.1,1011.9,68.7,9.6,203.6,17.5,7,5:32:07,20:40:01,0.91,"Rain, Partially cloudy",Partly cloudy throughout the day with morning rain.,rain,"['72793024233', 'KSEA', 'KBFI', '72793524234', '72793494248', 'KRNT']",obs,,
2015-05-16,61.4,54.2,57.7,61.4,54.2,57.7,47.7,69.3,0,0,0,,0,0,,9.6,188,1015.7,100,9.9,142.1,12.2,4,5:30:53,20:41:17,0.95,Overcast,Cloudy skies throughout the day.,cloudy,"['72793024233', 'KSEA', 'KBFI', '72793524234', '72793494248', 'KRNT']",obs,,
2015-05-17,66.9,54.4,60.2,66.9,54.4,60.2,48.3,65.5,0,0,0,,0,0,,7.5,300.4,1018.1,77.4,9.9,119.8,10.3,3,5:29:41,20:42:32,0,Partially cloudy,Partly cloudy throughout the day.,partly-cloudy-day,"['72793024233', 'KSEA', 'KBFI', '72793524234', '72793494248', 'KRNT']",obs,,
2015-05-18,77.1,55.5,65.4,77.1,55.5,65.4,49.9,58.8,0,0,0,,0,0,,8.9,320.7,1017.5,34.4,9.9,270.2,23.4,8,5:28:31,20:43:46,0.02,Partially cloudy,Partly cloudy throughout the day.,partly-cloudy-day,"['72793024233', 'KSEA', 'KBFI', '72793524234', '72793494248', 'KRNT']",obs,,
2015-05-19,72.8,56.3,63.2,72.8,56.3,63.2,52.2,68.4,0,0,0,,0,0,,6.4,236.5,1018.3,58.5,9.6,243,20.8,7,5:27:22,20:44:59,0.05,Partially cloudy,Partly cloudy throughout the day.,partly-cloudy-day,"['72793024233', 'KSEA', 'KBFI', '72793524234', '72793494248', 'KRNT']",obs,,
2015-05-20,73.1,53.4,61.8,73.1,53.4,61.8,51.5,70.8,0,0,0,,0,0,,7.2,273.2,1014.9,72.3,7.8,296.4,25.5,9,5:26:16,20:46:11,0.08,Partially cloudy,Partly cloudy throughout the day.,partly-cloudy-day,"['72793024233', 'KSEA', 'KBFI', '72793524234', '72793494248', 'KRNT']",obs,,
2015-05-21,79.4,57.4,68,79.4,57.4,68,52.8,60.1,0,0,0,,0,0,,7.4,276.2,1011.1,43.6,9.3,224.4,19.4,7,5:25:12,20:47:22,0.12,Partially cloudy,Partly cloudy throughout the day.,partly-cloudy-day,"['72793024233', 'KSEA', 'KBFI', '72793524234', '72793494248', 'KRNT']",obs,,
2015-05-22,63.3,56.1,59,63.3,56.1,59,50.1,72.5,0,0,0,,0,0,16.1,9.1,198.7,1015.4,89.1,9.7,205.6,17.7,7,5:24:09,20:48:32,0.15,Partially cloudy,Partly cloudy throughout the day.,partly-cloudy-day,"['72793024233', 'KSEA', 'KBFI', '72793524234', '72793494248', 'KRNT']",obs,,
2015-05-23,62.5,55.1,58.8,62.5,55.1,58.8,49.6,71.8,0.003,100,4.17,['rain'],0,0,,8.1,189.8,1021.1,98.9,9.9,156.7,13.5,4,5:23:09,20:49:40,0.18,"Rain, Overcast",Cloudy skies throughout the day with afternoon rain.,rain,"['72793024233', 'KSEA', 'KBFI', '72793524234', '72793494248', 'KRNT']",obs,,
2015-05-24,64.7,55.1,59.4,64.7,55.1,59.4,49.3,69.7,0,0,0,,0,0,33.3,7.8,211.6,1019.6,97.5,9.6,167.5,14.4,6,5:22:12,20:50:48,0.21,Overcast,Cloudy skies throughout the day.,cloudy,"['72793024233', 'KSEA', 'KBFI', '72793524234', '72793494248', 'KRNT']",obs,,
2015-05-25,61.4,54.7,58.1,61.4,54.7,58.1,48.3,70.1,0,0,0,,0,0,,8.4,195.8,1016.6,100,9.9,231.8,19.9,7,5:21:16,20:51:54,0.25,Overcast,Cloudy skies throughout the day.,cloudy,"['72793024233', 'KSEA', 'KBFI', '72793524234', '72793494248', 'KRNT']",obs,,
2015-05-26,70.2,56,62.6,70.2,56,62.6,49.7,63.9,0,0,0,,0,0,,8.2,285.4,1017.1,82.8,9.8,216.4,18.9,7,5:20:23,20:53:00,0.28,Partially cloudy,Partly cloudy throughout the day.,partly-cloudy-day,"['72793024233', 'KSEA', 'KBFI', '72793524234', '72793494248', 'KRNT']",obs,,
2015-05-27,76.2,55.5,66.1,76.2,55.5,66.1,52.5,63.3,0,0,0,,0,0,,6.5,321.5,1017.4,41.5,9.8,306.6,26.4,9,5:19:31,20:54:03,0.31,Partially cloudy,Clearing in the afternoon.,partly-cloudy-day,"['72793024233', 'KSEA', 'KBFI', '72793524234', '72793494248', 'KRNT']",obs,,
2015-05-28,81.3,57,69.4,80.6,57,69.3,53,58.3,0,0,0,,0,0,,9,323.3,1017.1,11.8,9.7,336.8,29.1,9,5:18:43,20:55:06,0.34,Clear,Clear conditions throughout the day.,clear-day,"['72793024233', 'KSEA', 'KBFI', '72793524234', '72793494248', 'KRNT']",obs,,
2015-05-29,80.5,60,69.6,80.4,60,69.6,53.6,58.5,0,0,0,,0,0,,9.6,231.8,1014.3,20.5,9.3,289.2,25.2,9,5:17:56,20:56:06,0.37,Partially cloudy,Partly cloudy throughout the day.,partly-cloudy-day,"['72793024233', 'KSEA', 'KBFI', '72793524234', '72793494248', 'KRNT']",obs,,
2015-05-30,73,52.6,62.4,73,52.6,62.4,47,59.3,0,0,0,,0,0,16.1,9.5,210.7,1014.1,29.4,9.6,341.1,29.5,9,5:17:12,20:57:06,0.41,Partially cloudy,Clearing in the afternoon.,partly-cloudy-day,"['72793024233', 'KSEA', 'KBFI', '72793524234', '72793494248', 'KRNT']",obs,,
2015-05-31,73.9,56.3,64.3,73.9,56.3,64.3,49.8,61.1,0,0,0,,0,0,16.1,10.7,312.3,1011.2,48.6,9.9,248.7,21.5,7,5:16:30,20:58:04,0.44,Partially cloudy,Partly cloudy throughout the day.,partly-cloudy-day,"['72793024233', 'KSEA', 'KBFI', '72793524234', '72793494248', 'KRNT']",obs,,
2015-06-01,64.2,56.1,59.6,64.2,56.1,59.6,50.7,72.9,0.113,100,20.83,['rain'],0,0,19.7,11.5,177.7,1012.6,78.8,9.5,117.5,10,3,5:15:51,20:59:00,0.47,"Rain, Partially cloudy",Partly cloudy throughout the day with rain in the morning and afternoon.,rain,"['72793024233', 'KSEA', 'KBFI', '72793524234', '72793494248', 'KRNT']",obs,,
2015-06-02,64.1,57,59.9,64.1,57,59.9,50.3,70.8,0.006,100,8.33,['rain'],0,0,19.7,11.7,185.5,1016.4,99.8,9.9,208,17.9,6,5:15:14,20:59:54,0.5,"Rain, Overcast",Cloudy skies throughout the day with morning rain.,rain,"['72793024233', 'KSEA', 'KBFI', '72793524234', '72793494248', 'KRNT']",obs,,
2015-06-03,67.4,56,60.9,67.4,56,60.9,48.6,64.6,0,0,0,,0,0,,7.9,266.8,1018.1,94.6,9.9,228.7,19.9,7,5:14:40,21:00:47,0.54,Overcast,Cloudy skies throughout the day.,cloudy,"['72793024233', 'KSEA', 'KBFI', '72793524234', '72793494248', 'KRNT']",obs,,
2015-06-04,72.5,56.3,63.9,72.5,56.3,63.9,46.8,54.6,0,0,0,,0,0,18.3,11.1,324.2,1019.6,67.5,9.9,290.9,25.1,8,5:14:08,21:01:38,0.58,Partially cloudy,Partly cloudy throughout the day.,partly-cloudy-day,"['72793024233', 'KSEA', 'KBFI', '72793524234', '72793494248', 'KRNT']",obs,,
2015-06-05,79.4,57.3,68.7,79.4,57.3,68.7,48.6,50.9,0,0,0,,0,0,25.3,13.2,323.7,1019,15.5,9.9,353.3,30.4,9,5:13:38,21:02:27,0.61,Clear,Clear conditions throughout the day.,clear-day,"['72793024233', 'KSEA', 'KBFI', '72793524234', '72793494248', 'KRNT']",obs,,
2015-06-06,84.3,57.6,71.6,82.4,57.6,71.3,50.4,49,0,0,0,,0,0,20.8,10.5,319.9,1016.6,23,9.9,349.2,30.2,9,5:13:11,21:03:14,0.65,Partially cloudy,Partly cloudy throughout the day.,partly-cloudy-day,"['72793024233', 'KSEA', 'KBFI', '72793524234', '72793494248', 'KRNT']",obs,,
2015-06-07,86.9,60.8,74.9,84.6,60.8,74.2,50.9,45.3,0,0,0,,0,0,,11.4,322.7,1016.3,0.5,9.9,358.6,31.1,9,5:12:47,21:03:59,0.68,Clear,Clear conditions throughout the day.,clear-day,"['72793024233', 'KSEA', 'KBFI', '72793524234', '72793494248', 'KRNT']",obs,,
2015-06-08,84.7,61,73.6,82.7,61,73.1,49.5,45.8,0,0,0,,0,0,18.3,11.2,324.7,1015.2,0,9.6,360.7,31.4,10,5:12:25,21:04:42,0.72,Clear,Clear conditions throughout the day.,clear-day,"['72793024233', 'KSEA', 'KBFI', '72793524234', '72793494248', 'KRNT']",obs,,
2015-06-09,84.2,61.1,72.5,81.7,61.1,72,43.2,36.9,0,0,0,,0,0,,9.7,320.8,1013.5,5.8,9.9,362.9,31.4,10,5:12:06,21:05:23,0.75,Clear,Clear conditions throughout the day.,clear-day,"['72793024233', 'KSEA', 'KBFI', '72793524234', '72793494248', 'KRNT']",obs,,
2015-06-10,79.2,55.2,67.2,79.2,55.2,67.2,47.7,51.9,0,0,0,,0,0,,8.1,209.7,1014.6,7.9,9.7,356,30.8,10,5:11:49,21:06:02,0.79,Clear,Clear conditions throughout the day.,clear-day,"['72793024233', 'KSEA', 'KBFI', '72793524234', '72793494248', 'KRNT']",obs,,
2015-06-11,76.4,55.1,65,76.4,55.1,65,48.6,57.1,0,0,0,,0,0,23,8.4,256.8,1019.2,28.6,9.8,338.7,29.2,9,5:11:35,21:06:39,0.83,Partially cloudy,Partly cloudy throughout the day.,partly-cloudy-day,"['72793024233', 'KSEA', 'KBFI', '72793524234', '72793494248', 'KRNT']",obs,,
2015-06-12,69.1,56.3,61.8,69.1,56.3,61.8,44.5,54.1,0,0,0,,0,0,,8.8,150.4,1021.4,82,9.8,299,25.8,9,5:11:24,21:07:13,0.86,Partially cloudy,Partly cloudy throughout the day.,partly-cloudy-day,"['72793024233', 'KSEA', 'KBFI', '72793524234', '72793494248', 'KRNT']",obs,,
2015-06-13,75,51.1,63.7,75,51.1,63.7,44.1,52.6,0,0,0,,0,0,,8.2,314.4,1018.6,15.6,9.9,364.3,31.5,10,5:11:15,21:07:46,0.9,Clear,Clear conditions throughout the day.,clear-day,"['72793024233', 'KSEA', 'KBFI', '72793524234', '72793494248', 'KRNT']",obs,,
2015-06-14,80.6,55,68.7,79.4,55,68.6,45.6,46,0,0,0,,0,0,17.2,10.8,321.9,1015.5,5.3,9.9,363.5,31.4,10,5:11:08,21:08:16,0.94,Clear,Clear conditions throughout the day.,clear-day,"['72793024233', 'KSEA', 'KBFI', '72793524234', '72793494248', 'KRNT']",obs,,
2015-06-15,84.6,60.3,72.6,81.9,60.3,72.1,45.7,40.2,0,0,0,,0,0,,10.5,323.5,1013.3,35.7,9.9,295.3,25.5,9,5:11:04,21:08:44,0.97,Partially cloudy,Partly cloudy throughout the day.,partly-cloudy-day,"['72793024233', 'KSEA', 'KBFI', '72793524234', '72793494248', 'KRNT']",obs,,
2015-06-16,72.7,54.9,63.8,72.7,54.9,63.8,47,56,0,0,0,,0,0,,9.6,238.9,1018.4,48.6,9.9,333.9,28.7,9,5:11:03,21:09:09,0,Partially cloudy,Partly cloudy throughout the day.,partly-cloudy-day,"['72793024233', 'KSEA', 'KBFI', '72793524234', '72793494248', 'KRNT']",obs,,
2015-06-17,76.4,56.1,65.2,76.4,56.1,65.2,45.8,51.9,0,0,0,,0,0,16.1,8.8,324.4,1018.1,26.8,9.9,322.8,27.8,9,5:11:04,21:09:32,0.04,Partially cloudy,Clearing in the afternoon.,partly-cloudy-day,"['72793024233', 'KSEA', 'KBFI', '72793524234', '72793494248', 'KRNT']",obs,,
2015-06-18,77.3,61.1,67.4,77.3,61.1,67.4,45.8,46.6,0,0,0,,0,0,18.3,11.1,321.1,1015.5,69.1,9.5,337.2,29,9,5:11:08,21:09:53,0.07,Partially cloudy,Partly cloudy throughout the day.,partly-cloudy-day,"['72793024233', 'KSEA', 'KBFI', '72793524234', '72793494248', 'KRNT']",obs,,
2015-06-19,73.5,58.7,65.1,73.5,58.7,65.1,50.8,62.1,0.064,100,25,['rain'],0,0,,9.8,300.7,1019.8,74.3,9.4,328.3,28.2,9,5:11:14,21:10:11,0.1,"Rain, Partially cloudy",Partly cloudy throughout the day with rain clearing later.,rain,"['72793024233', 'KSEA', 'KBFI', '72793524234', '72793494248', 'KRNT']",obs,,
2015-06-20,75.8,56.5,66,75.8,56.5,66,43.9,46.6,0,0,0,,0,0,17.2,11.4,327,1018.2,33.6,9.9,352.3,30.4,10,5:11:23,21:10:26,0.14,Partially cloudy,Partly cloudy throughout the day.,partly-cloudy-day,"['72793024233', 'KSEA', 'KBFI', '72793524234', '72793494248', 'KRNT']",obs,,
2015-06-21,79.2,59.2,68.6,79.2,59.2,68.6,45.4,45.6,0,0,0,,0,0,25.3,9.2,334.8,1013.4,35.9,9.9,227.9,19.9,8,5:11:35,21:10:39,0.17,Partially cloudy,Partly cloudy throughout the day.,partly-cloudy-day,"['72793024233', 'KSEA', 'KBFI', '72793524234', '72793494248', 'KRNT']",obs,,
2015-06-22,76.4,57.4,66.9,76.4,57.4,66.9,48.1,52.5,0,0,0,,0,0,,9.4,229.3,1018.5,28.5,9.9,330.7,28.6,9,5:11:48,21:10:50,0.2,Partially cloudy,Clearing in the afternoon.,partly-cloudy-day,"['72793024233', 'KSEA', 'KBFI', '72793524234', '72793494248', 'KRNT']",obs,,
2015-06-23,79.6,55.1,67.6,79.6,55.1,67.6,45.5,48.8,0,0,0,,0,0,,7.7,313.3,1019.7,20.6,9.8,316.8,27.5,9,5:12:05,21:10:58,0.23,Partially cloudy,Partly cloudy throughout the day.,partly-cloudy-day,"['72793024233', 'KSEA', 'KBFI', '72793524234', '72793494248', 'KRNT']",obs,,
2015-06-24,78.6,64.8,71.6,78.6,64.8,71.6,50.7,48.4,0,0,0,,0,0,,7.8,317.8,1018.4,51.3,9.9,256.3,21.8,8,5:12:23,21:11:03,0.25,Partially cloudy,Partly cloudy throughout the day.,partly-cloudy-day,"['72793024233', 'KSEA', 'KBFI', '72793524234', '72793494248', 'KRNT']",obs,,
2015-06-25,86.5,62.6,74.4,84.6,62.6,73.9,53,49.8,0,0,0,,0,0,19.7,9.2,324.9,1019.8,4.2,9.9,356.5,30.9,9,5:12:44,21:11:06,0.3,Clear,Clear conditions throughout the day.,clear-day,"['72793024233', 'KSEA', 'KBFI', '72793524234', '72793494248', 'KRNT']",obs,,
2015-06-26,87.2,66.2,76.8,85.9,66.2,76.5,57.4,52.8,0,0,0,,0,0,20.8,11.3,326.1,1017.5,17.8,9.8,312.4,27.1,9,5:13:08,21:11:06,0.33,Clear,Clear conditions throughout the day.,clear-day,"['72793024233', 'KSEA', 'KBFI', '72793524234', '72793494248', 'KRNT']",obs,,
2015-06-27,91.3,65.8,78.8,89.1,65.8,78,55.2,46.7,0,0,0,,0,0,20.8,12.4,321.4,1014.2,22.5,9.7,272.8,23.7,7,5:13:34,21:11:04,0.36,Partially cloudy,Partly cloudy throughout the day.,partly-cloudy-day,"['72793024233', 'KSEA', 'KBFI', '72793524234', '72793494248', 'KRNT']",obs,,
2015-06-28,81.1,69.3,75.8,81.3,69.3,75.8,56.3,51.3,0.002,100,4.17,['rain'],0,0,,8.1,328.4,1014,52.9,9.6,199.8,17.2,8,5:14:02,21:10:59,0.39,"Rain, Partially cloudy",Partly cloudy throughout the day with morning rain.,rain,"['72793024233', 'KSEA', 'KBFI', '72793524234', '72793494248', 'KRNT']",obs,,
2015-06-29,86.7,68.1,76.9,85.9,68.1,76.8,59.1,55.8,0.008,100,4.17,['rain'],0,0,,8.1,200.6,1015.1,22.7,9.8,349.8,30.3,9,5:14:32,21:10:51,0.43,"Rain, Partially cloudy",Partly cloudy throughout the day with early morning rain.,rain,"['72793024233', 'KSEA', 'KBFI', '72793524234', '72793494248', 'KRNT']",obs,,
2015-06-30,87.3,62.2,73.6,85.8,62.2,73.3,56.5,58.6,0,0,0,,0,0,,7.7,291.4,1018.4,24.7,9.6,350.9,30.3,9,5:15:04,21:10:41,0.46,Partially cloudy,Clearing in the afternoon.,partly-cloudy-day,"['72793024233', 'KSEA', 'KBFI', '72793524234', '72793494248', 'KRNT']",obs,,
2015-07-01,88.2,65,76.8,86.3,65,76.3,54.1,46.7,0,0,0,,0,0,19.7,11.7,327.4,1016.2,0.2,9.9,363.6,31.4,10,5:15:38,21:10:27,0.5,Clear,Clear conditions throughout the day.,clear-day,"['72793024233', 'KSEA', 'KBFI', '72793524234', '72793494248', 'KRNT']",obs,,
2015-07-02,92,66.6,80.4,89.7,66.6,79.5,54,42.1,0,0,0,,0,0,20.8,10.8,327.1,1015.1,7,9.9,349.4,30.3,9,5:16:14,21:10:12,0.52,Clear,Clear conditions throughout the day.,clear-day,"['72793024233', 'KSEA', 'KBFI', '72793524234', '72793494248', 'KRNT']",obs,,
2015-07-03,91.7,66.8,79.8,89.4,66.8,78.9,53.9,43,0,0,0,,0,0,,9.3,311.2,1012.9,1.8,9.9,360.5,31.3,10,5:16:53,21:09:54,0.56,Clear,Clear conditions throughout the day.,clear-day,"['72793024233', 'KSEA', 'KBFI', '72793524234', '72793494248', 'KRNT']",obs,,
2015-07-04,91.5,62.4,78.1,87.4,62.4,76.7,48.9,40.8,0,0,0,,0,0,18.3,10.9,316.9,1010.5,4.3,9.7,357.4,31,9,5:17:34,21:09:33,0.6,Clear,Clear conditions throughout the day.,clear-day,"['72793024233', 'KSEA', 'KBFI', '72793524234', '72793494248', 'KRNT']",obs,,
2015-07-05,89.8,64.9,78.2,86.5,64.9,77,49.5,38.9,0,0,0,,0,0,,9.9,314.4,1009.9,13.8,9.4,343,29.5,9,5:18:17,21:09:10,0.63,Clear,Clear conditions throughout the day.,clear-day,"['72793024233', 'KSEA', 'KBFI', '72793524234', '72793494248', 'KRNT']",obs,,
2015-07-06,85.7,62.5,74.3,83.6,62.5,73.7,52.9,49.7,0,0,0,,0,0,20.8,8.4,199.8,1014.9,26.9,9.9,347.5,29.8,9,5:19:01,21:08:44,0.67,Partially cloudy,Partly cloudy throughout the day.,partly-cloudy-day,"['72793024233', 'KSEA', 'KBFI', '72793524234', '72793494248', 'KRNT']",obs,,
2015-07-07,79.8,60.3,69.1,79.8,60.3,69.1,53.7,59.4,0,0,0,,0,0,,8.5,253.9,1015.6,40,9.9,345.9,29.8,9,5:19:48,21:08:16,0.7,Partially cloudy,Partly cloudy throughout the day.,partly-cloudy-day,"['72793024233', 'KSEA', 'KBFI', '72793524234', '72793494248', 'KRNT']",obs,,
2015-07-08,85.4,61.8,72.8,83.5,61.8,72.5,54.7,55.2,0,0,0,,0,0,,9.1,315,1010.5,17.5,8.7,318.9,27.6,9,5:20:36,21:07:45,0.75,Clear,Clear conditions throughout the day.,clear-day,"['72793024233', 'KSEA', 'KBFI', '72793524234', '72793494248', 'KRNT']",obs,,
2015-07-09,84.6,61.6,72.4,84.4,61.6,72.3,56.8,59.9,0,0,0,,0,0,,8.8,236.9,1007,12.4,9.5,312.8,27,9,5:21:26,21:07:11,0.78,Clear,Clear conditions throughout the day.,clear-day,"['72793024233', 'KSEA', 'KBFI', '72793524234', '72793494248', 'KRNT']",obs,,
2015-07-10,71.5,64.1,67.1,71.5,64.1,67.1,54.6,64.7,0,0,0,,0,0,18.3,11.4,191.2,1011.1,93.3,9.9,159.8,13.7,5,5:22:18,21:06:35,0.81,Overcast,Cloudy skies throughout the day.,cloudy,"['72793024233', 'KSEA', 'KBFI', '72793524234', '72793494248', 'KRNT']",obs,,
2015-07-11,72.6,64.4,67.2,72.6,64.4,67.2,53.6,62.2,0,0,0,,0,0,,9.1,190.7,1013,95.4,9.9,202,17.4,6,5:23:12,21:05:57,0.85,Overcast,Cloudy skies throughout the day.,cloudy,"['72793024233', 'KSEA', 'KBFI', '72793524234', '72793494248', 'KRNT']",obs,,
2015-07-12,80,64.3,70.8,80,64.3,70.8,54.8,59.1,0,0,0,,0,0,17.2,9.2,197.4,1015.9,70.8,9.9,204.5,17.6,5,5:24:07,21:05:16,0.88,Partially cloudy,Partly cloudy throughout the day.,partly-cloudy-day,"['72793024233', 'KSEA', 'KBFI', '72793524234', '72793494248', 'KRNT']",obs,,
2015-07-13,76.8,65,70,76.8,65,70,55.3,60.6,0,0,0,,0,0,,10.5,310.7,1017.8,65.8,9.7,322.4,27.7,8,5:25:03,21:04:33,0.92,Partially cloudy,Partly cloudy throughout the day.,partly-cloudy-day,"['72793024233', 'KSEA', 'KBFI', '72793524234', '72793494248', 'KRNT']",obs,,
2015-07-14,80.8,63.2,71.2,79.8,63.2,71.1,49.8,48.2,0,0,0,,0,0,16.1,8.6,341,1017,37.2,9.9,292.2,25.2,8,5:26:01,21:03:47,0.95,Partially cloudy,Partly cloudy throughout the day.,partly-cloudy-day,"['72793024233', 'KSEA', 'KBFI', '72793524234', '72793494248', 'KRNT']",obs,,
2015-07-15,80,61.6,70.1,80,61.6,70.1,51.4,52.6,0,0,0,,0,0,17.2,9.5,318.7,1017.6,45.3,9.9,316.5,27.3,9,5:27:01,21:02:59,0,Partially cloudy,Partly cloudy throughout the day.,partly-cloudy-day,"['72793024233', 'KSEA', 'KBFI', '72793524234', '72793494248', 'KRNT']",obs,,
2015-07-16,78.1,62.9,70.1,78.1,62.9,70.1,50.3,51.1,0,0,0,,0,0,19.7,8.5,328.6,1019.9,60.6,9.9,299.7,26,8,5:28:01,21:02:08,0.02,Partially cloudy,Partly cloudy throughout the day.,partly-cloudy-day,"['72793024233', 'KSEA', 'KBFI', '72793524234', '72793494248', 'KRNT']",obs,,
2015-07-17,82.1,58.9,70.9,80.3,58.9,70.6,48.6,48.1,0,0,0,,0,0,19.7,12.6,325.8,1018.6,30.3,9.9,332.7,28.7,9,5:29:04,21:01:16,0.06,Partially cloudy,Partly cloudy throughout the day.,partly-cloudy-day,"['72793024233', 'KSEA', 'KBFI', '72793524234', '72793494248', 'KRNT']",obs,,
2015-07-18,91.3,65,78.2,87.4,65,77,50.1,40.8,0,0,0,,0,0,17.2,11,314.6,1015.1,4.7,9.9,347.6,29.9,9,5:30:07,21:00:20,0.09,Clear,Clear conditions throughout the day.,clear-day,"['72793024233', 'KSEA', 'KBFI', '72793524234', '72793494248', 'KRNT']",obs,,
2015-07-19,96.4,68.1,81.1,93.1,68.1,80,52.6,40,0,0,0,,0,0,19.7,12.4,207.5,1014.5,12.9,9.9,341.3,29.6,9,5:31:12,20:59:23,0.12,Clear,Clear conditions throughout the day.,clear-day,"['72793024233', 'KSEA', 'KBFI', '72793524234', '72793494248', 'KRNT']",obs,,
2015-07-20,80.1,65.3,70.8,80,65.3,70.8,54.7,58.1,0,0,0,,0,0,20.1,10.7,206.1,1016.9,51,9.8,340.3,29.5,9,5:32:17,20:58:24,0.15,Partially cloudy,Partly cloudy throughout the day.,partly-cloudy-day,"['72793024233', 'KSEA', 'KBFI', '72793524234', '72793494248', 'KRNT']",obs,,
2015-07-21,75,61.9,67.4,75,61.9,67.4,52.3,59.6,0.087,100,12.5,['rain'],0,0,16.1,9,310.2,1014.9,80.3,9.6,175.1,15.2,5,5:33:24,20:57:22,0.19,"Rain, Partially cloudy",Partly cloudy throughout the day with morning rain.,rain,"['72793024233', 'KSEA', 'KBFI', '72793524234', '72793494248', 'KRNT']",obs,,
2015-07-22,74.8,60.4,67,74.8,60.4,67,50,55.8,0,0,0,,0,0,,9.5,241.2,1013.3,73.2,9.9,245.3,21.2,7,5:34:32,20:56:18,0.22,Partially cloudy,Partly cloudy throughout the day.,partly-cloudy-day,"['72793024233', 'KSEA', 'KBFI', '72793524234', '72793494248', 'KRNT']",obs,,
2015-07-23,78.6,60.8,68.5,78.6,60.8,68.5,50.2,53.7,0,0,0,,0,0,,7.3,282.2,1014.7,47.6,9.8,296.3,25.5,9,5:35:41,20:55:12,0.25,Partially cloudy,Partly cloudy throughout the day.,partly-cloudy-day,"['72793024233', 'KSEA', 'KBFI', '72793524234', '72793494248', 'KRNT']",obs,,
2015-07-24,74.7,58.1,67,74.7,58.1,67,52.7,60.7,0,0,0,,0,0,24.2,11.8,190.5,1017.9,71,9.8,246.8,21.4,7,5:36:50,20:54:04,0.28,Partially cloudy,Partly cloudy throughout the day.,partly-cloudy-day,"['72793024233', 'KSEA', 'KBFI', '72793524234', '72793494248', 'KRNT']",obs,,
2015-07-25,68.9,61.3,64.8,68.9,61.3,64.8,53.7,68,0.035,100,29.17,['rain'],0,0,16.4,9.9,4.7,1017.9,96.7,9.6,261.4,22.6,8,5:38:01,20:52:54,0.32,"Rain, Overcast",Cloudy skies throughout the day with rain clearing later.,rain,"['72793024233', 'KSEA', 'KBFI', '72793524234', '72793494248', 'KRNT']",obs,,
2015-07-26,70.6,59.2,63.7,70.6,59.2,63.7,52.3,67.1,0.08,100,12.5,['rain'],0,0,16.1,9.6,221.7,1018.3,89,9.7,241.7,20.9,7,5:39:13,20:51:42,0.35,"Rain, Partially cloudy",Partly cloudy throughout the day with rain.,rain,"['72793024233', 'KSEA', 'KBFI', '72793524234', '72793494248', 'KRNT']",obs,,
2015-07-27,74.8,55.3,65.2,74.8,55.3,65.2,51.2,63.6,0.008,100,4.17,['rain'],0,0,,5.6,190.8,1022.1,76.8,9.7,245.1,21.1,7,5:40:25,20:50:28,0.38,"Rain, Partially cloudy",Partly cloudy throughout the day with early morning rain.,rain,"['72793024233', 'KSEA', 'KBFI', '72793524234', '72793494248', 'KRNT']",obs,,
2015-07-28,81.7,59.9,70.3,80.4,59.9,70.1,51.5,53.8,0,0,0,,0,0,19.7,10.5,327.3,1024,22.3,9.9,330.3,28.4,9,5:41:38,20:49:12,0.41,Partially cloudy,Partly cloudy throughout the day.,partly-cloudy-day,"['72793024233', 'KSEA', 'KBFI', '72793524234', '72793494248', 'KRNT']",obs,,
2015-07-29,88.2,60.7,74.8,85.6,60.7,74,51.9,48.1,0,0,0,,0,0,18.3,11.4,318.1,1020.9,4,9.8,335,29,9,5:42:51,20:47:55,0.45,Clear,Clear conditions throughout the day.,clear-day,"['72793024233', 'KSEA', 'KBFI', '72793524234', '72793494248', 'KRNT']",obs,,
2015-07-30,92.1,64.6,78.7,88.6,64.6,77.5,50.4,40.3,0,0,0,,0,0,19.7,10.1,324.1,1018.1,0,9.9,336.3,29,9,5:44:06,20:46:35,0.48,Clear,Clear conditions throughout the day.,clear-day,"['72793024233', 'KSEA', 'KBFI', '72793524234', '72793494248', 'KRNT']",obs,,
2015-07-31,92.9,65.7,79.2,88.8,65.7,77.9,47.6,35.8,0,0,0,,0,0,,9.6,323.6,1017.1,2.5,9.9,328.1,28.4,9,5:45:21,20:45:14,0.5,Clear,Clear conditions throughout the day.,clear-day,"['72793024233', 'KSEA', 'KBFI', '72793524234', '72793494248', 'KRNT']",obs,,
2015-08-01,89.9,63.3,77.5,86.5,63.3,76.5,47.7,36.7,0,0,0,,0,0,,10.8,323,1014.8,13.2,9.9,326.2,28.2,9,5:46:36,20:43:51,0.55,Clear,Clear conditions throughout the day.,clear-day,"['72793024233', 'KSEA', 'KBFI', '72793524234', '72793494248', 'KRNT']",obs,,
2015-08-02,88.5,64.2,75.7,85.5,64.2,75.2,52.3,45.8,0,0,0,,0,0,,6.9,316.9,1013,40,9.9,288.3,25.1,9,5:47:52,20:42:26,0.58,Partially cloudy,Partly cloudy throughout the day.,partly-cloudy-day,"['72793024233', 'KSEA', 'KBFI', '72793524234', '72793494248', 'KRNT']",obs,,
2015-08-03,83.3,67.2,74,82.3,67.2,73.9,53.8,50,0,0,0,,0,0,,9.5,290.9,1012.6,43.2,9.8,281.2,24.2,8,5:49:09,20:40:59,0.62,Partially cloudy,Partly cloudy throughout the day.,partly-cloudy-day,"['72793024233', 'KSEA', 'KBFI', '72793524234', '72793494248', 'KRNT']",obs,,
2015-08-04,79.4,60.4,69,79.4,60.4,69,52.6,58.3,0,0,0,,0,0,17.4,9.3,203.7,1015.5,44.7,9.9,266.2,23,9,5:50:26,20:39:31,0.65,Partially cloudy,Clearing in the afternoon.,partly-cloudy-day,"['72793024233', 'KSEA', 'KBFI', '72793524234', '72793494248', 'KRNT']",obs,,
2015-08-05,74.2,56.9,64.6,74.2,56.9,64.6,51.2,62.8,0,0,0,,0,0,18.3,13.8,251.8,1018.2,75.4,9.9,261.4,22.5,8,5:51:43,20:38:02,0.69,Partially cloudy,Partly cloudy throughout the day.,partly-cloudy-day,"['72793024233', 'KSEA', 'KBFI', '72793524234', '72793494248', 'KRNT']",obs,,
2015-08-06,77.5,60.9,68.8,77.5,60.9,68.8,50.7,54.3,0,0,0,,0,0,,8.8,343.5,1019.2,56.1,9.9,317.8,27.5,9,5:53:01,20:36:31,0.75,Partially cloudy,Partly cloudy throughout the day.,partly-cloudy-day,"['72793024233', 'KSEA', 'KBFI', '72793524234', '72793494248', 'KRNT']",obs,,
2015-08-07,82.7,60.7,71.2,81,60.7,70.9,52.2,53.4,0,0,0,,0,0,,8.5,329.6,1014.2,9.2,9.9,313.3,27,9,5:54:19,20:34:58,0.76,Clear,Clear conditions throughout the day.,clear-day,"['72793024233', 'KSEA', 'KBFI', '72793524234', '72793494248', 'KRNT']",obs,,
2015-08-08,77.9,62.4,68.8,77.9,62.4,68.8,57.1,67.5,0,0,0,,0,0,20.8,11.4,199.8,1012.3,65.4,9.7,242.4,20.9,7,5:55:37,20:33:24,0.79,Partially cloudy,Partly cloudy throughout the day.,partly-cloudy-day,"['72793024233', 'KSEA', 'KBFI', '72793524234', '72793494248', 'KRNT']",obs,,
2015-08-09,83.1,60.7,71.3,81.2,60.7,71.1,53.1,55.8,0,0,0,,0,0,,10.7,302.3,1014.7,27.6,9.8,300,25.9,9,5:56:56,20:31:48,0.83,Partially cloudy,Partly cloudy throughout the day.,partly-cloudy-day,"['72793024233', 'KSEA', 'KBFI', '72793524234', '72793494248', 'KRNT']",obs,,
2015-08-10,84.4,65,73.7,82.5,65,73.4,52.5,49.1,0,0,0,,0,0,,10.4,303.2,1013.3,57.8,9.9,288.1,25,9,5:58:15,20:30:11,0.86,Partially cloudy,Partly cloudy throughout the day.,partly-cloudy-day,"['72793024233', 'KSEA', 'KBFI', '72793524234', '72793494248', 'KRNT']",obs,,
2015-08-11,85.9,65.7,75.4,84.6,65.7,75,54.4,49.7,0,0,0,,0,0,17.2,11.5,336.3,1013.5,38.8,9.9,227.8,19.7,8,5:59:34,20:28:33,0.9,Partially cloudy,Partly cloudy throughout the day.,partly-cloudy-day,"['72793024233', 'KSEA', 'KBFI', '72793524234', '72793494248', 'KRNT']",obs,,
2015-08-12,83.8,66.5,74.5,82.8,66.5,74.4,56.2,53.7,0.08,100,12.5,['rain'],0,0,20.6,9.2,6.3,1013.9,43.4,9.8,235.6,20.4,7,6:00:53,20:26:53,0.94,"Rain, Partially cloudy",Partly cloudy throughout the day with afternoon rain.,rain,"['72793024233', 'KSEA', 'KBFI', '72793524234', '72793494248', 'KRNT']",obs,,
2015-08-13,83.5,62.5,73.2,83.4,62.5,73.2,57.6,59.7,0,0,0,,0,0,,8.7,225.6,1015.4,31.5,9.9,284.8,24.5,8,6:02:13,20:25:12,0.97,Partially cloudy,Clearing in the afternoon.,partly-cloudy-day,"['72793024233', 'KSEA', 'KBFI', '72793524234', '72793494248', 'KRNT']",obs,,
2015-08-14,67.4,61.6,63.9,67.4,61.6,63.9,56.7,77.5,0.865,100,33.33,['rain'],0,0,26.4,13,176.1,1016.3,77.8,8.4,110.6,9.4,4,6:03:32,20:23:30,0,"Rain, Partially cloudy",Partly cloudy throughout the day with rain.,rain,"['72793024233', 'KSEA', 'KBFI', '72793524234', '72793494248', 'KRNT']",obs,,
2015-08-15,70.4,60.4,65.3,70.4,60.4,65.3,53.7,67,0,0,0,,0,0,,10.6,189.8,1023.5,93.5,9.9,194.4,16.7,5,6:04:52,20:21:47,0.04,Overcast,Cloudy skies throughout the day.,cloudy,"['72793024233', 'KSEA', 'KBFI', '72793524234', '72793494248', 'KRNT']",obs,,
2015-08-16,76.4,58.9,67.5,76.4,58.9,67.5,52.2,59.4,0,0,0,,0,0,16.8,10.1,319.4,1023.3,29,9.9,292.9,25.4,9,6:06:12,20:20:03,0.07,Partially cloudy,Partly cloudy throughout the day.,partly-cloudy-day,"['72793024233', 'KSEA', 'KBFI', '72793524234', '72793494248', 'KRNT']",obs,,
2015-08-17,80.8,58.6,70,79.9,58.6,69.9,52.4,56,0,0,0,,0,0,19.7,11,319.8,1019.5,20.9,9.9,298.7,25.8,9,6:07:32,20:18:17,0.1,Partially cloudy,Partly cloudy throughout the day.,partly-cloudy-day,"['72793024233', 'KSEA', 'KBFI', '72793524234', '72793494248', 'KRNT']",obs,,
2015-08-18,84.1,62.7,73.4,83.2,62.7,73.3,55.7,55.5,0,0,0,,0,0,19.7,10.7,322.7,1016.1,9.3,9.9,284.1,24.5,8,6:08:52,20:16:30,0.14,Clear,Clear conditions throughout the day.,clear-day,"['72793024233', 'KSEA', 'KBFI', '72793524234', '72793494248', 'KRNT']",obs,,
2015-08-19,90.1,64,75.8,87.1,64,75.1,55.1,51.8,0,0,0,,0,0,,7,318.5,1012,4.2,9.9,293.4,25.3,9,6:10:12,20:14:43,0.17,Clear,Clear conditions throughout the day.,clear-day,"['72793024233', 'KSEA', 'KBFI', '72793524234', '72793494248', 'KRNT']",obs,,
2015-08-20,74.1,61.2,66.9,74.1,61.2,66.9,53.2,63.3,0.012,100,16.67,['rain'],0,0,18.3,10,190.8,1013.1,50.3,9,286.8,24.7,9,6:11:33,20:12:54,0.2,"Rain, Partially cloudy",Partly cloudy throughout the day with morning rain.,rain,"['72793024233', 'KSEA', 'KBFI', '72793524234', '72793494248', 'KRNT']",obs,,
2015-08-21,73.1,60.1,65.2,73.1,60.1,65.2,49.5,57.9,0,0,0,,0,0,,8.3,188.9,1015.3,67.8,9.9,257.5,22.2,8,6:12:53,20:11:04,0.24,Partially cloudy,Partly cloudy throughout the day.,partly-cloudy-day,"['72793024233', 'KSEA', 'KBFI', '72793524234', '72793494248', 'KRNT']",obs,,
2015-08-22,79.1,56.2,66.4,79.1,56.2,66.4,49.8,57.4,0,0,0,,0,0,,7.6,317.2,1017.9,17.1,9.6,239.9,20.7,7,6:14:13,20:09:14,0.25,Clear,Clear conditions throughout the day.,clear-day,"['72793024233', 'KSEA', 'KBFI', '72793524234', '72793494248', 'KRNT']",obs,,
2015-08-23,80.6,57.6,69.6,79.9,57.6,69.5,49.6,51.3,0,0,0,,0,0,,5.6,330.7,1014.4,4.5,7.7,219.6,19.1,7,6:15:33,20:07:22,0.3,Clear,Clear conditions throughout the day.,clear-day,"['72793024233', 'KSEA', 'KBFI', '72793524234', '72793494248', 'KRNT']",obs,,
2015-08-24,74.7,56.3,66.2,74.7,56.3,66.2,48.7,54.6,0,0,0,,0,0,,8.7,298.6,1017,35.7,9.6,143.4,12.4,6,6:16:54,20:05:30,0.34,Partially cloudy,Partly cloudy throughout the day.,partly-cloudy-day,"['72793024233', 'KSEA', 'KBFI', '72793524234', '72793494248', 'KRNT']",obs,,
2015-08-25,77.9,56.7,67.3,77.9,56.7,67.3,45.6,47.9,0,0,0,,0,0,17.2,11,327.9,1017.8,26.2,9.9,256.9,22.3,8,6:18:14,20:03:37,0.37,Partially cloudy,Partly cloudy throughout the day.,partly-cloudy-day,"['72793024233', 'KSEA', 'KBFI', '72793524234', '72793494248', 'KRNT']",obs,,
2015-08-26,82.7,58.4,70.1,80.5,58.4,69.8,46.8,46.3,0,0,0,,0,0,,6.3,327.6,1015.7,46.3,9.9,211.9,18.5,6,6:19:35,20:01:43,0.4,Partially cloudy,Partly cloudy throughout the day.,partly-cloudy-day,"['72793024233', 'KSEA', 'KBFI', '72793524234', '72793494248', 'KRNT']",obs,,
2015-08-27,86.1,61.2,73,83.1,61.2,72.4,48.5,44.8,0,0,0,,0,0,19.7,7,152,1016.8,47.2,9.9,246.5,21.1,8,6:20:55,19:59:48,0.43,Partially cloudy,Partly cloudy throughout the day.,partly-cloudy-day,"['72793024233', 'KSEA', 'KBFI', '72793524234', '72793494248', 'KRNT']",obs,,
2015-08-28,75,63.2,70.4,75,63.2,70.4,53.3,56.1,0.014,100,8.33,['rain'],0,0,30,13.4,190,1013.1,80.6,9.9,170.1,14.5,7,6:22:15,19:57:53,0.47,"Rain, Partially cloudy",Partly cloudy throughout the day with morning rain.,rain,"['72793024233', 'KSEA', 'KBFI', '72793524234', '72793494248', 'KRNT']",obs,,
2015-08-29,73.6,59.6,67,73.6,59.6,67,56.4,70.4,0.418,100,70.83,['rain'],0,0,38.8,21.6,186.7,1004.5,90.7,8.7,226.3,19.4,7,6:23:36,19:55:57,0.5,"Rain, Overcast",Cloudy skies throughout the day with a chance of rain throughout the day.,rain,"['72793024233', 'KSEA', 'KBFI', '72793524234', '72793494248', 'KRNT']",obs,,
2015-08-30,69.8,58.4,62.8,69.8,58.4,62.8,54.7,76.4,0.401,100,95.83,['rain'],0,0,23,14.1,177,1012.4,89.4,8.6,189.8,16.3,6,6:24:56,19:54:00,0.54,"Rain, Partially cloudy",Partly cloudy throughout the day with a chance of rain throughout the day.,rain,"['72793024233', 'KSEA', 'KBFI', '72793524234', '72793494248', 'KRNT']",obs,,
2015-08-31,67.6,63.7,65.3,67.6,63.7,65.3,52.9,64.5,0.056,100,29.17,['rain'],0,0,26.2,15.1,175,1014.4,97.9,9.8,88.2,7.6,4,6:26:16,19:52:03,0.57,"Rain, Overcast",Cloudy skies throughout the day with a chance of rain throughout the day.,rain,"['72793024233', 'KSEA', 'KBFI', '72793524234', '72793494248', 'KRNT']",obs,,
2015-09-01,66.2,61,63.5,66.2,61,63.5,55.4,75.3,0.18,100,45.83,['rain'],0,0,25.3,14,170.5,1010.7,98.2,8.6,102.9,8.7,4,6:27:37,19:50:05,0.6,"Rain, Overcast",Cloudy skies throughout the day with a chance of rain throughout the day.,rain,"['72793024233', 'KSEA', 'KBFI', '72793524234', '72793494248', 'KRNT']",obs,,
2015-09-02,68.6,56.3,61.6,68.6,56.3,61.6,49.9,66.9,0.019,100,12.5,['rain'],0,0,21,11.5,190.7,1011.9,73.6,9.8,219.9,19,7,6:28:57,19:48:06,0.64,"Rain, Partially cloudy",Partly cloudy throughout the day with rain.,rain,"['72793024233', 'KSEA', 'KBFI', '72793524234', '72793494248', 'KRNT']",obs,,
2015-09-03,67.1,53.1,59.4,67.1,53.1,59.4,47.2,65.7,0,0,0,,0,0,25.3,9.8,207.9,1015.8,75.5,9.6,183,15.7,6,6:30:17,19:46:07,0.67,Partially cloudy,Partly cloudy throughout the day.,partly-cloudy-day,"['72793024233', 'KSEA', 'KBFI', '72793524234', '72793494248', 'KRNT']",obs,,
2015-09-04,64.7,53.1,57.8,64.7,53.1,57.8,47.7,69.7,0,0,0,,0,0,,8.5,343.2,1016.1,77.7,9.9,130.1,11.3,4,6:31:37,19:44:08,0.71,Partially cloudy,Partly cloudy throughout the day.,partly-cloudy-day,"['72793024233', 'KSEA', 'KBFI', '72793524234', '72793494248', 'KRNT']",obs,,
2015-09-05,67.7,48.3,57.9,67.7,45.6,57.6,48,70.7,0.049,100,16.67,['rain'],0,0,22.7,11.7,138.3,1018.9,58,9.9,221.4,19.1,8,6:32:58,19:42:08,0.75,"Rain, Partially cloudy",Partly cloudy throughout the day with late afternoon rain.,rain,"['72793024233', 'KSEA', 'KBFI', '72793524234', '72793494248', 'KRNT']",obs,,
2015-09-06,61.6,55,58.6,61.6,55,58.6,51.2,76.6,0.175,100,25,['rain'],0,0,,9.1,124.7,1020.1,97,9.6,81,7,3,6:34:18,19:40:07,0.78,"Rain, Overcast",Cloudy skies throughout the day with rain clearing later.,rain,"['72793024233', 'KSEA', 'KBFI', '72793524234', '72793494248', 'KRNT']",obs,,
2015-09-07,71.9,58.3,63.8,71.9,58.3,63.8,52.1,67.9,0.004,100,8.33,['rain'],0,0,,9,315.3,1022.2,70.2,9.6,220.9,19,7,6:35:38,19:38:06,0.81,"Rain, Partially cloudy",Partly cloudy throughout the day with early morning rain.,rain,"['72793024233', 'KSEA', 'KBFI', '72793524234', '72793494248', 'KRNT']",obs,,
2015-09-08,74.4,58.1,65.2,74.4,58.1,65.2,54.3,68.4,0,0,0,,0,0,,10.3,141.7,1019.9,67.8,9.8,189.1,16.3,6,6:36:59,19:36:05,0.85,Partially cloudy,Partly cloudy throughout the day.,partly-cloudy-day,"['72793024233', 'KSEA', 'KBFI', '72793524234', '72793494248', 'KRNT']",obs,,
2015-09-09,77.2,59.1,67.4,77.2,59.1,67.4,55.4,67.1,0,0,0,,0,0,,8.5,334.4,1018.3,37.4,9.8,234.6,20.2,8,6:38:19,19:34:03,0.88,Partially cloudy,Partly cloudy throughout the day.,partly-cloudy-day,"['72793024233', 'KSEA', 'KBFI', '72793524234', '72793494248', 'KRNT']",obs,,
2015-09-10,75.8,59.9,67.6,75.8,59.9,67.6,56.4,68.4,0.008,100,4.17,['rain'],0,0,16.1,10.8,335.3,1018.5,15.9,9.7,247.5,21.3,8,6:39:39,19:32:02,0.91,Rain,Clear conditions throughout the day with morning rain.,rain,"['72793024233', 'KSEA', 'KBFI', '72793524234', '72793494248', 'KRNT']",obs,,
2015-09-11,81,60.6,70.5,81.3,60.6,70.6,56.6,62.8,0,0,0,,0,0,,8.6,325.9,1016.9,13.6,9.9,229.7,20,7,6:40:59,19:29:59,0.95,Clear,Clear conditions throughout the day.,clear-day,"['72793024233', 'KSEA', 'KBFI', '72793524234', '72793494248', 'KRNT']",obs,,
2015-09-12,79.8,60.8,69.8,79.8,60.8,69.8,55.7,62.7,0,0,0,,0,0,16.1,9.7,316.2,1015.8,0,9.9,241.9,20.8,8,6:42:20,19:27:57,0,Clear,Clear conditions throughout the day.,clear-day,"['72793024233', 'KSEA', 'KBFI', '72793524234', '72793494248', 'KRNT']",obs,,
2015-09-13,70.8,60.1,63.4,70.8,60.1,63.4,52.7,69.3,0.032,100,12.5,['rain'],0,0,18.3,9.7,191.3,1014.3,79.8,8.6,163,13.9,6,6:43:40,19:25:54,0.02,"Rain, Partially cloudy",Partly cloudy throughout the day with morning rain.,rain,"['72793024233', 'KSEA', 'KBFI', '72793524234', '72793494248', 'KRNT']",obs,,
2015-09-14,63.4,52.4,58.1,63.4,52.4,58.1,45,62.2,0,0,0,,0,0,18.3,8.5,170.5,1009.8,74.8,9.9,87.7,7.8,3,6:45:01,19:23:51,0.05,Partially cloudy,Partly cloudy throughout the day.,partly-cloudy-day,"['72793024233', 'KSEA', 'KBFI', '72793524234', '72793494248', 'KRNT']",obs,,
2015-09-15,65,51.9,58.4,65,51.9,58.4,44.2,60,0,0,0,,0,0,,9.3,174.7,1009.7,81.6,9.9,99.1,8.7,5,6:46:21,19:21:48,0.08,Partially cloudy,Partly cloudy throughout the day.,partly-cloudy-day,"['72793024233', 'KSEA', 'KBFI', '72793524234', '72793494248', 'KRNT']",obs,,
2015-09-16,69.1,49.6,60,69.1,47.3,59.9,45.6,60.9,0.038,100,4.17,['rain'],0,0,,7.1,167.8,1010.5,58.6,9.7,156.5,13.3,5,6:47:42,19:19:45,0.12,"Rain, Partially cloudy",Partly cloudy throughout the day with late afternoon rain.,rain,"['72793024233', 'KSEA', 'KBFI', '72793524234', '72793494248', 'KRNT']",obs,,
2015-09-17,66.1,57,60.7,66.1,57,60.7,53.6,77.8,0.411,100,54.17,['rain'],0,0,18.3,11.4,173.7,1013.6,87.1,9.4,132.2,11.3,5,6:49:02,19:17:42,0.15,"Rain, Partially cloudy",Partly cloudy throughout the day with a chance of rain throughout the day.,rain,"['72793024233', 'KSEA', 'KBFI', '72793524234', '72793494248', 'KRNT']",obs,,
2015-09-18,69.4,56.2,62.6,69.4,56.2,62.6,51.4,67.8,0,0,0,,0,0,,8,152.7,1019.2,76,9.9,214.2,18.5,7,6:50:23,19:15:39,0.19,Partially cloudy,Partly cloudy throughout the day.,partly-cloudy-day,"['72793024233', 'KSEA', 'KBFI', '72793524234', '72793494248', 'KRNT']",obs,,
2015-09-19,71.9,59.7,65.3,71.9,59.7,65.3,55,69.8,0.008,100,4.17,['rain'],0,0,22.4,12.5,169.6,1016.6,88.9,9.9,153,13.2,7,6:51:44,19:13:35,0.22,"Rain, Partially cloudy",Partly cloudy throughout the day with early morning rain.,rain,"['72793024233', 'KSEA', 'KBFI', '72793524234', '72793494248', 'KRNT']",obs,,
2015-09-20,74.3,56.7,67.6,74.3,56.7,67.6,58.8,73.8,0.127,100,20.83,['rain'],0,0,27,16.6,184.7,1013.1,92.9,9.1,171.5,14.7,6,6:53:05,19:11:32,0.25,"Rain, Overcast",Cloudy skies throughout the day with rain.,rain,"['72793024233', 'KSEA', 'KBFI', '72793524234', '72793494248', 'KRNT']",obs,,
2015-09-21,65.8,54.9,59.8,65.8,54.9,59.8,47.4,65.4,0.006,100,4.17,['rain'],0,0,,9.3,330.6,1017.4,46.2,9.8,212.8,18.2,7,6:54:26,19:09:29,0.25,"Rain, Partially cloudy",Partly cloudy throughout the day with early morning rain.,rain,"['72793024233', 'KSEA', 'KBFI', '72793524234', '72793494248', 'KRNT']",obs,,
2015-09-22,67.1,46.6,57.1,67.1,45.2,56.9,43.1,62.1,0,0,0,,0,0,,8.6,339.8,1016.2,12.2,9.9,216.8,18.7,7,6:55:47,19:07:25,0.32,Clear,Clear conditions throughout the day.,clear-day,"['72793024233', 'KSEA', 'KBFI', '72793524234', '72793494248', 'KRNT']",obs,,
2015-09-23,70.4,47.5,58.7,70.4,44.7,58.2,44.6,61.4,0,0,0,,0,0,,7,159.4,1017.1,38,9.9,164.9,14.4,6,6:57:09,19:05:22,0.35,Partially cloudy,Partly cloudy throughout the day.,partly-cloudy-day,"['72793024233', 'KSEA', 'KBFI', '72793524234', '72793494248', 'KRNT']",obs,,
2015-09-24,74,53,63.9,74,53,63.9,49.6,61.1,0,0,0,,0,0,17.2,9.3,186.8,1015.9,59.7,9.8,153.8,13.3,6,6:58:30,19:03:19,0.39,Partially cloudy,Partly cloudy throughout the day.,partly-cloudy-day,"['72793024233', 'KSEA', 'KBFI', '72793524234', '72793494248', 'KRNT']",obs,,
2015-09-25,63.1,58,59.8,63.1,58,59.8,51.9,75.2,0.052,100,29.17,['rain'],0,0,,9.2,329.8,1017.4,100,9.9,130.9,11.4,5,6:59:52,19:01:16,0.42,"Rain, Overcast",Cloudy skies throughout the day with rain clearing later.,rain,"['72793024233', 'KSEA', 'KBFI', '72793524234', '72793494248', 'KRNT']",obs,,
2015-09-26,64,53.7,58.7,64,53.7,58.7,44.9,61,0,0,0,,0,0,,8.1,359.9,1021.3,69,9.9,203.3,17.5,7,7:01:13,18:59:13,0.46,Partially cloudy,Partly cloudy throughout the day.,partly-cloudy-day,"['72793024233', 'KSEA', 'KBFI', '72793524234', '72793494248', 'KRNT']",obs,,
2015-09-27,64.5,46,55.2,64.5,46,55.2,43.8,67,0,0,0,,0,0,19.7,12.6,340.1,1021.6,13.7,9.9,209.1,18.2,7,7:02:35,18:57:10,0.5,Clear,Clear conditions throughout the day.,clear-day,"['72793024233', 'KSEA', 'KBFI', '72793524234', '72793494248', 'KRNT']",obs,,
2015-09-28,68.9,51.8,59.2,68.9,51.8,59.2,47.2,65.5,0,0,0,,0,0,18.3,10.5,341.6,1016.6,3.9,9.9,207.8,17.9,7,7:03:58,18:55:08,0.52,Clear,Clear conditions throughout the day.,clear-day,"['72793024233', 'KSEA', 'KBFI', '72793524234', '72793494248', 'KRNT']",obs,,
2015-09-29,71.7,50.7,60.7,71.7,50.7,60.7,47.6,64,0,0,0,,0,0,,7.8,323.7,1013.7,0.2,9.9,202.2,17.4,7,7:05:20,18:53:05,0.56,Clear,Clear conditions throughout the day.,clear-day,"['72793024233', 'KSEA', 'KBFI', '72793524234', '72793494248', 'KRNT']",obs,,
2015-09-30,66,52.1,57.3,66,52.1,57.3,50,77.5,0,0,0,,0,0,,6.2,151.9,1015.8,45.2,8.1,192,16.7,7,7:06:42,18:51:03,0.59,Partially cloudy,Partly cloudy throughout the day.,partly-cloudy-day,"['72793024233', 'KSEA', 'KBFI', '72793524234', '72793494248', 'KRNT']",obs,,
2015-10-01,69.3,51.5,59,69.3,51.5,59,49.9,73.2,0.008,100,4.17,['rain'],0,0,,7.6,316.3,1017.2,27.8,7.9,189.1,16.3,6,7:08:05,18:49:02,0.62,"Rain, Partially cloudy",Clearing in the afternoon with early morning rain.,rain,"['72793024233', 'KSEA', 'KBFI', '72793524234', '72793494248', 'KRNT']",obs,,
2015-10-02,61.2,52.4,57.6,61.2,52.4,57.6,51.3,79.9,0.008,100,4.17,['rain'],0,0,,10.9,141.5,1021,81.6,8.3,91,7.9,5,7:09:28,18:47:01,0.66,"Rain, Partially cloudy",Partly cloudy throughout the day with late afternoon rain.,rain,"['72793024233', 'KSEA', 'KBFI', '72793524234', '72793494248', 'KRNT']",obs,,
2015-10-03,67.2,55.1,60.3,67.2,55.1,60.3,45.8,59.9,0,0,0,,0,0,20.8,9.7,350.2,1017.8,47.8,9.9,177.4,15.4,6,7:10:51,18:45:00,0.69,Partially cloudy,Partly cloudy throughout the day.,partly-cloudy-day,"['72793024233', 'KSEA', 'KBFI', '72793524234', '72793494248', 'KRNT']",obs,,
2015-10-04,71.2,52.1,61.1,71.2,52.1,61.1,46.4,60.3,0,0,0,,0,0,,10.2,334.5,1013.8,7.2,9.9,182.3,15.7,6,7:12:15,18:42:59,0.75,Clear,Clear conditions throughout the day.,clear-day,"['72793024233', 'KSEA', 'KBFI', '72793524234', '72793494248', 'KRNT']",obs,,